,Total Shifts,Weekend Shifts,ED Day 1 Shifts,ED Day 2 Shifts,ED Night Shifts
mean,16.8,4.8,5.6,5.6,5.6
std,0.4216370213557839,0.4216370213557839,3.687817782917155,1.837873166945363,4.087922591134904
min,16.0,4.0,0.0,4.0,2.0
max,17.0,5.0,10.0,9.0,13.0
